code_statut_contrat;codeperiodicite;dateEffet;datefin;duree;idassure;id_souscripteur;police;prime;produitcode
1;12;null;;null;101001326;;101001326;303480;50
1;12;null;;null;101002122;;101002122;0;50
1;12;null;;null;101000151;;101000151;0;50
1;12;null;;null;101000066;;101000066;0;50
1;12;null;;null;101000606;;101000606;0;50
1;12;null;;null;101001128;;101001128;479552;50
1;12;null;;null;101000895;;101000895;707376;50
1;12;null;;null;101000880;;101000880;0;50
1;12;null;;null;101000777;;101000777;0;50
1;12;null;;null;101001027;;101001027;595032;50
1;12;null;;null;101000906;;101000906;0;50
1;12;null;;null;101001044;;101001044;0;50
1;12;null;;null;101001252;;101001252;0;50
1;12;null;;null;101000279;;101000279;0;50
1;12;null;;null;101000742;;101000742;0;50
1;12;null;;null;101001181;;101001181;718720;50
1;12;null;;null;101000469;;101000469;0;50
1;12;null;;null;101000364;;101000364;0;50
1;12;null;;null;101002125;;101002125;0;50
1;12;null;;null;101001137;;101001137;0;50
1;12;null;;null;101000203;;101000203;0;50
1;12;null;;null;101001207;;101001207;0;50
1;12;null;;null;101001293;;101001293;0;50
1;12;null;;null;101001298;;101001298;0;50
1;12;null;;null;101000476;;101000476;0;50
1;12;null;;null;101000665;;101000665;0;50
1;12;null;;null;101001133;;101001133;889716;50
1;12;null;;null;101000164;;101000164;0;50
1;12;null;;null;101001314;;101001314;0;50
1;12;null;;null;101001996;;101001996;1251000;50
1;12;null;;null;101001209;;101001209;1203948;50
1;12;null;;null;101000722;;101000722;290592;50
1;12;null;;null;101001232;;101001232;0;50
1;12;null;;null;101000715;;101000715;728196;50
1;12;null;;null;101000867;;101000867;0;50
1;12;null;;null;101000443;;101000443;0;50
1;12;null;;null;101000828;;101000828;0;50
1;12;null;;null;101001049;;101001049;0;50
1;12;null;;null;101000375;;101000375;651240;50
1;12;null;;null;101001077;;101001077;0;50
1;12;null;;null;101000776;;101000776;0;50
1;12;null;;null;101002320;;101002320;0;50
1;12;null;;null;101000046;;101000046;0;50
1;12;null;;null;101001276;;101001276;866952;50
1;12;null;;null;101000542;;101000542;0;50
1;12;null;;null;101001305;;101001305;0;50
1;12;null;;null;101000555;;101000555;0;50
1;12;null;;null;101000589;;101000589;0;50
1;12;null;;null;101001066;;101001066;0;50
1;12;null;;null;101000938;;101000938;0;50
1;12;null;;null;101000709;;101000709;0;50
1;12;null;;null;101001213;;101001213;1494304;50
1;12;null;;null;101000950;;101000950;1016848;50
1;12;null;;null;101000462;;101000462;0;50
1;12;null;;null;101000435;;101000435;350568;50
1;12;null;;null;101001104;;101001104;397524;50
1;12;null;;null;101001119;;101001119;0;50
1;12;null;;null;101000094;;101000094;0;50
1;12;null;;null;101000798;;101000798;0;50
1;12;null;;null;101000663;;101000663;0;50
1;12;null;;null;101000169;;101000169;0;50
1;12;null;;null;101000728;;101000728;666768;50
1;12;null;;null;101000083;;101000083;890640;50
1;12;null;;null;101000696;;101000696;279840;50
1;12;null;;null;101000359;;101000359;0;50
1;12;null;;null;101000781;;101000781;0;50
1;12;null;;null;101000914;;101000914;0;50
1;12;null;;null;101000414;;101000414;464424;50
1;12;null;;null;101000590;;101000590;0;50
1;12;null;;null;101001850;;101001850;0;50
1;12;null;;null;101001100;;101001100;0;50
1;12;null;;null;101001440;;101001440;765732;50
1;12;null;;null;101000324;;101000324;0;50
1;12;null;;null;101000340;;101000340;0;50
1;12;null;;null;101000912;;101000912;436332;50
1;12;null;;null;101000554;;101000554;358400;50
1;12;null;;null;101000276;;101000276;328044;50
1;12;null;;null;101001311;;101001311;0;50
1;12;null;;null;101001324;;101001324;877616;50
1;12;null;;null;101000316;;101000316;0;50
1;12;null;;null;101000091;;101000091;0;50
1;12;null;;null;101000582;;101000582;698244;50
1;12;null;;null;101001103;;101001103;0;50
1;12;null;;null;101001896;;101001896;498432;50
1;12;null;;null;101000837;;101000837;1138816;50
1;12;null;;null;101000881;;101000881;0;50
1;12;null;;null;101000687;;101000687;464160;50
1;12;null;;null;101002166;;101002166;383216;50
1;12;null;;null;101000130;;101000130;748976;50
1;12;null;;null;101000868;;101000868;196740;50
1;12;null;;null;101000056;;101000056;0;50
1;12;null;;null;101000553;;101000553;630012;50
1;12;null;;null;101001296;;101001296;356436;50
1;12;null;;null;101001289;;101001289;946128;50
1;12;null;;null;101000474;;101000474;0;50
1;12;null;;null;101001334;;101001334;967104;50
1;12;null;;null;101002119;;101002119;1218800;50
1;12;null;;null;101001431;;101001431;0;50
1;12;null;;null;101001638;;101001638;367404;50
1;12;null;;null;101001815;;101001815;690120;50
1;12;null;;null;101001609;;101001609;340080;50
1;12;null;;null;101001374;;101001374;0;50
1;12;null;;null;101002092;;101002092;0;50
1;12;null;;null;101001620;;101001620;0;50
1;12;null;;null;101001666;;101001666;886430;50
1;12;null;;null;101002197;;101002197;819696;50
1;12;null;;null;101001446;;101001446;0;50
1;12;null;;null;101001421;;101001421;0;50
1;12;null;;null;101001639;;101001639;741768;50
1;12;null;;null;101001515;;101001515;0;50
1;12;null;;null;101002272;;101002272;0;50
1;12;null;;null;101001418;;101001418;387456;50
1;12;null;;null;101001990;;101001990;0;50
1;12;null;;null;101001813;;101001813;482032;50
1;12;null;;null;101001623;;101001623;293124;50
1;12;null;;null;101002161;;101002161;872960;50
1;12;null;;null;101002018;;101002018;774272;50
1;12;null;;null;101001968;;101001968;0;50
1;12;null;;null;101002015;;101002015;637680;50
1;12;null;;null;101001929;;101001929;0;50
1;12;null;;null;101001526;;101001526;378528;50
1;12;null;;null;101001698;;101001698;421968;50
1;12;null;;null;101001941;;101001941;431172;50
1;12;null;;null;101001696;;101001696;0;50
1;12;null;;null;101001853;;101001853;0;50
1;12;null;;null;101001376;;101001376;0;50
1;12;null;;null;101001444;;101001444;526980;50
1;12;null;;null;101001647;;101001647;969668;50
1;12;null;;null;101002174;;101002174;0;50
1;12;null;;null;101001630;;101001630;347808;50
1;12;null;;null;101001662;;101001662;212820;50
1;12;null;;null;101001495;;101001495;3506720;50
1;12;null;;null;101001710;;101001710;266424;50
1;12;null;;null;101001881;;101001881;0;50
1;12;null;;null;101001680;;101001680;297036;50
1;12;null;;null;101002036;;101002036;677808;50
1;12;null;;null;101001471;;101001471;0;50
1;12;null;;null;101001693;;101001693;0;50
1;12;null;;null;101001697;;101001697;416928;50
1;12;null;;null;101001428;;101001428;290592;50
1;12;null;;null;101001518;;101001518;571296;50
1;12;null;;null;101001809;;101001809;0;50
1;12;null;;null;101002208;;101002208;419552;50
1;12;null;;null;101001870;;101001870;600492;50
1;12;null;;null;101002248;;101002248;949536;50
1;12;null;;null;101002190;;101002190;466320;50
1;12;null;;null;101001558;;101001558;0;50
1;12;null;;null;101001748;;101001748;982248;50
1;12;null;;null;101002027;;101002027;0;50
1;12;null;;null;101001774;;101001774;518400;50
1;12;null;;null;101002276;;101002276;505888;50
1;12;null;;null;101002138;;101002138;560480;50
1;12;null;;null;101001505;;101001505;0;50
1;12;null;;null;101001729;;101001729;1005200;50
1;12;null;;null;101002204;;101002204;910528;50
1;12;null;;null;101002251;;101002251;1929984;50
1;12;null;;null;101002089;;101002089;0;50
1;12;null;;null;101001902;;101001902;350376;50
1;12;null;;null;101001832;;101001832;905328;50
1;12;null;;null;101001412;;101001412;769296;50
1;12;null;;null;101001800;;101001800;0;50
1;12;null;;null;101002233;;101002233;215760;50
1;12;null;;null;101001525;;101001525;0;50
1;12;null;;null;101002007;;101002007;0;50
1;12;null;;null;101002346;;101002346;0;50
1;12;null;;null;101002128;;101002128;346336;50
1;12;null;;null;101001392;;101001392;0;50
1;12;null;;null;101002302;;101002302;0;50
1;12;null;;null;101001593;;101001593;558768;50
1;12;null;;null;101001914;;101001914;660000;50
1;12;null;;null;101001658;;101001658;298848;50
1;12;null;;null;101002285;;101002285;0;50
1;12;null;;null;101001532;;101001532;0;50
1;12;null;;null;101001668;;101001668;0;50
1;12;null;;null;101001068;;101001068;355308;50
1;12;null;;null;101002274;;101002274;744468;50
1;12;null;;null;101001341;;101001341;0;50
1;12;null;;null;101002793;;101002793;1280000;50
1;12;null;;null;101003025;;101003025;571328;50
1;12;null;;null;101002823;;101002823;1139600;50
1;12;null;;null;101003028;;101003028;1091984;50
1;12;null;;null;101002969;;101002969;463744;50
1;12;null;;null;101002798;;101002798;651468;50
1;12;null;;null;101002819;;101002819;387488;50
1;12;null;;null;101002754;;101002754;0;50
1;12;null;;null;101002956;;101002956;547208;50
1;12;null;;null;101003009;;101003009;649680;50
1;12;null;;null;101002812;;101002812;478624;50
1;12;null;;null;101002945;;101002945;0;50
1;12;null;;null;101002996;;101002996;285456;50
1;12;null;;null;101003022;;101003022;768000;50
1;12;null;;null;101002495;;101002495;0;50
1;12;null;;null;101002844;;101002844;792128;50
1;12;null;;null;101002778;;101002778;1000720;50
1;12;null;;null;101002856;;101002856;967744;50
1;12;null;;null;101002986;;101002986;416416;50
1;12;null;;null;101002936;;101002936;0;50
1;12;null;;null;101002877;;101002877;719424;50
1;12;null;;null;101003015;;101003015;1331808;50
1;12;null;;null;101002742;;101002742;0;50
1;12;null;;null;101002852;;101002852;1895120;50
1;12;null;;null;101002854;;101002854;418512;50
1;12;null;;null;101002962;;101002962;460432;50
1;12;null;;null;101002941;;101002941;1041576;50
1;12;null;;null;101002757;;101002757;312216;50
1;12;null;;null;101002705;;101002705;597632;50
1;12;null;;null;101002935;;101002935;505632;50
1;12;null;;null;101002552;;101002552;0;50
1;12;null;;null;101002828;;101002828;1234464;50
1;12;null;;null;101002521;;101002521;960624;50
1;12;null;;null;101002882;;101002882;0;50
1;12;null;;null;101003014;;101003014;943120;50
1;12;null;;null;101002749;;101002749;964848;50
1;12;null;;null;101003019;;101003019;529308;50
1;12;null;;null;101003108;;101003108;540800;50
1;12;null;;null;101002930;;101002930;636096;50
1;12;null;;null;101003030;;101003030;760992;50
1;12;null;;null;101002879;;101002879;457552;50
1;12;null;;null;101002928;;101002928;1257520;50
1;12;null;;null;101002896;;101002896;604112;50
1;12;null;;null;101002865;;101002865;859696;50
1;12;null;;null;101002948;;101002948;1021824;50
1;12;null;;null;101002738;;101002738;0;50
1;12;null;;null;101002988;;101002988;415392;50
1;12;null;;null;101003023;;101003023;465968;50
1;12;null;;null;101002998;;101002998;719424;50
1;12;null;;null;101003027;;101003027;599024;50
1;12;null;;null;101002939;;101002939;1922688;50
1;12;null;;null;101003127;;101003127;617584;50
1;12;null;;null;101002678;;101002678;722512;50
1;12;null;;null;101002883;;101002883;346356;50
1;12;null;;null;101002482;;101002482;0;50
1;12;null;;null;101002513;;101002513;1983728;50
1;12;null;;null;101002713;;101002713;0;50
1;12;null;;null;101002950;;101002950;979968;50
1;12;null;;null;101002881;;101002881;530640;50
1;12;null;;null;101003010;;101003010;1345584;50
1;12;null;;null;101002921;;101002921;318372;50
1;12;null;;null;101002354;;101002354;0;50
1;12;null;;null;101003002;;101003002;439760;50
1;12;null;;null;101003132;;101003132;0;50
1;12;null;;null;101002884;;101002884;834880;50
1;12;null;;null;101002677;;101002677;0;50
1;12;null;;null;101002813;;101002813;0;50
1;12;null;;null;101002920;;101002920;1406608;50
1;12;null;;null;101002961;;101002961;459408;50
1;12;null;;null;101002899;;101002899;610448;50
1;12;null;;null;101003048;;101003048;0;50
1;12;null;;null;101002895;;101002895;654048;50
1;12;null;;null;101002364;;101002364;0;50
1;12;null;;null;101002602;;101002602;0;50
1;12;null;;null;101002911;;101002911;468752;50
1;12;null;;null;101002439;;101002439;0;50
1;12;null;;null;101002901;;101002901;2688000;50
1;12;null;;null;101002706;;101002706;0;50
1;12;null;;null;101002848;;101002848;570832;50
1;12;null;;null;101002970;;101002970;867440;50
1;12;null;;null;101003024;;101003024;588544;50
1;12;null;;null;101002792;;101002792;984848;50
1;12;null;;null;101002417;;101002417;645348;50
1;12;null;;null;101003154;;101003154;654224;50
1;12;null;;null;101002923;;101002923;864000;50
1;12;null;;null;101003111;;101003111;724576;50
1;12;null;;null;101001524;;101001524;0;50
1;12;null;;null;101002933;;101002933;474032;50
1;12;null;;null;101002803;;101002803;0;50
1;12;null;;null;101002908;;101002908;597408;50
1;12;null;;null;101002876;;101002876;985928;50
1;12;null;;null;101003031;;101003031;1314528;50
1;12;null;;null;101002830;;101002830;1750928;50
1;12;null;;null;101003034;;101003034;1274640;50
1;12;null;;null;101003044;;101003044;984368;50
1;12;null;;null;101003166;;101003166;719424;50
1;12;null;;null;101003105;;101003105;844656;50
1;12;null;;null;101003172;;101003172;634984;50
1;12;null;;null;101003141;;101003141;0;50
1;12;null;;null;101003160;;101003160;544048;50
1;12;null;;null;101003140;;101003140;615904;50
1;12;null;;null;101003119;;101003119;900736;50
1;12;null;;null;101003068;;101003068;509408;50
1;12;null;;null;101003171;;101003171;630880;50
1;12;null;;null;101003182;;101003182;391872;50
1;12;null;;null;101003152;;101003152;615536;50
1;12;null;;null;101003191;;101003191;422400;50
1;12;null;;null;101003150;;101003150;719424;50
1;12;null;;null;101003185;;101003185;437872;50
1;12;null;;null;101003046;;101003046;374768;50
1;12;null;;null;101003183;;101003183;341904;50
1;12;null;;null;101003179;;101003179;353600;50
1;12;null;;null;101003184;;101003184;520396;50
1;12;null;;null;101003071;;101003071;1216000;50
1;12;null;;null;101003135;;101003135;472928;50
1;12;null;;null;101003112;;101003112;316592;50
1;12;null;;null;101003164;;101003164;431968;50
1;12;null;;null;101003181;;101003181;404928;50
1;12;null;;null;101003178;;101003178;0;50
1;12;null;;null;101003081;;101003081;0;50
1;12;null;;null;101003126;;101003126;723952;50
1;12;null;;null;101003096;;101003096;560928;50
1;12;null;;null;101003145;;101003145;1232144;50
1;12;null;;null;101003086;;101003086;1664000;50
1;12;null;;null;101003136;;101003136;1240208;50
1;12;null;;null;101003148;;101003148;719424;50
1;12;null;;null;101003131;;101003131;523168;50
1;12;null;;null;101003228;;101003228;394096;50
1;12;null;;null;101003220;;101003220;558288;50
1;12;null;;null;101003121;;101003121;348656;50
1;12;null;;null;101003063;;101003063;833568;50
1;12;null;;null;101003129;;101003129;1379098;50
1;12;null;;null;101003163;;101003163;776144;50
1;12;null;;null;101003035;;101003035;561392;50
1;12;null;;null;101003149;;101003149;545888;50
1;12;null;;null;101003049;;101003049;1262928;50
1;12;null;;null;101003113;;101003113;0;50
1;12;null;;null;101003170;;101003170;719424;50
1;12;null;;null;101003116;;101003116;560768;50
1;12;null;;null;101003142;;101003142;490272;50
1;12;null;;null;101003110;;101003110;539568;50
1;12;null;;null;101003104;;101003104;0;50
1;12;null;;null;101003312;;101003312;719424;50
1;12;null;;null;101003032;;101003032;1322336;50
1;12;null;;null;101003250;;101003250;756752;50
1;12;null;;null;101003217;;101003217;604992;50
1;12;null;;null;101003192;;101003192;607472;50
1;12;null;;null;101003167;;101003167;0;50
1;12;null;;null;101003043;;101003043;0;50
1;12;null;;null;101003056;;101003056;719424;50
1;12;null;;null;101003144;;101003144;535664;50
1;12;null;;null;101003138;;101003138;521544;50
1;12;null;;null;101003091;;101003091;855760;50
1;12;null;;null;101003064;;101003064;744992;50
1;12;null;;null;101003223;;101003223;662632;50
1;12;null;;null;101003174;;101003174;627456;50
1;12;null;;null;101003216;;101003216;0;50
1;12;null;;null;101003225;;101003225;505552;50
1;12;null;;null;101003237;;101003237;54064;50
1;12;null;;null;101003258;;101003258;2000112;50
1;12;null;;null;101003334;;101003334;1428192;50
1;12;null;;null;101003209;;101003209;430528;50
1;12;null;;null;101003200;;101003200;617872;50
1;12;null;;null;101003212;;101003212;361088;50
1;12;null;;null;101003259;;101003259;1258344;50
1;12;null;;null;101003233;;101003233;404928;50
1;12;null;;null;101003193;;101003193;360560;50
1;12;null;;null;101003243;;101003243;0;50
1;12;null;;null;101003232;;101003232;570224;50
1;12;null;;null;101003057;;101003057;2044400;50
1;12;null;;null;101002893;;101002893;324384;50
1;12;null;;null;101003047;;101003047;648512;50
1;12;null;;null;101003077;;101003077;505760;50
1;12;null;;null;101003147;;101003147;626672;50
1;12;null;;null;101003037;;101003037;0;50
1;12;null;;null;101003120;;101003120;422576;50
1;12;null;;null;101002820;;101002820;700296;50
1;12;null;;null;101003186;;101003186;411280;50
1;12;null;;null;101003159;;101003159;416176;50
1;12;null;;null;101003139;;101003139;707184;50
1;12;null;;null;101003158;;101003158;406784;50
1;12;null;;null;101003169;;101003169;531584;50
1;12;null;;null;101003066;;101003066;1037376;50
1;12;null;;null;101003090;;101003090;584464;50
1;12;null;;null;101003266;;101003266;1330744;50
1;12;null;;null;101003256;;101003256;397840;50
1;12;null;;null;101003211;;101003211;758352;50
1;12;null;;null;101003295;;101003295;0;50
1;12;null;;null;101003331;;101003331;0;50
1;12;null;;null;101003238;;101003238;432880;50
1;12;null;;null;101003336;;101003336;1171904;50
1;12;null;;null;101003261;;101003261;719424;50
1;12;null;;null;101003218;;101003218;610592;50
1;12;null;;null;101003335;;101003335;560624;50
1;12;null;;null;101003260;;101003260;918240;50
1;12;null;;null;101003281;;101003281;1066672;50
1;12;null;;null;101003300;;101003300;193548;50
1;12;null;;null;101003257;;101003257;4210304;50
1;12;null;;null;101003297;;101003297;1768416;50
1;12;null;;null;101003298;;101003298;0;50
1;12;null;;null;101003342;;101003342;350580;50
1;12;null;;null;101003215;;101003215;633536;50
1;12;null;;null;101003296;;101003296;949952;50
1;12;null;;null;101003247;;101003247;402448;50
1;12;null;;null;101003244;;101003244;565936;50
1;12;null;;null;101003327;;101003327;803536;50
1;12;null;;null;101003443;;101003443;623472;50
1;12;null;;null;101003412;;101003412;0;50
1;12;null;;null;101003206;;101003206;424512;50
1;12;null;;null;101003253;;101003253;539184;50
1;12;null;;null;101003461;;101003461;404928;50
1;12;null;;null;101003272;;101003272;0;50
1;12;null;;null;101003348;;101003348;1184192;50
1;12;null;;null;101003290;;101003290;766560;50
1;12;null;;null;101003345;;101003345;560464;50
1;12;null;;null;101003318;;101003318;447744;50
1;12;null;;null;101003323;;101003323;586752;50
1;12;null;;null;101003344;;101003344;478448;50
1;12;null;;null;101003226;;101003226;322264;50
1;12;null;;null;101003328;;101003328;728644;50
1;12;null;;null;101003204;;101003204;663712;50
1;12;null;;null;101003273;;101003273;0;50
1;12;null;;null;101003242;;101003242;419568;50
1;12;null;;null;101003301;;101003301;805120;50
1;12;null;;null;101003305;;101003305;387456;50
1;12;null;;null;101003337;;101003337;560624;50
1;12;null;;null;101003255;;101003255;691088;50
1;12;null;;null;101003349;;101003349;560304;50
1;12;null;;null;101003222;;101003222;0;50
1;12;null;;null;101003316;;101003316;960272;50
1;12;null;;null;101003263;;101003263;444464;50
1;12;null;;null;101003324;;101003324;560304;50
1;12;null;;null;101003293;;101003293;956576;50
1;12;null;;null;101003276;;101003276;1664000;50
1;12;null;;null;101003227;;101003227;407216;50
1;12;null;;null;101003262;;101003262;560624;50
1;12;null;;null;101003199;;101003199;457456;50
1;12;null;;null;101003245;;101003245;1472000;50
1;12;null;;null;101003248;;101003248;1188624;50
1;12;null;;null;101003399;;101003399;253376;50
1;12;null;;null;101003213;;101003213;404624;50
1;12;null;;null;101003205;;101003205;561232;50
1;12;null;;null;101003377;;101003377;499648;50
1;12;null;;null;101003236;;101003236;362592;50
1;12;null;;null;101003299;;101003299;717852;50
1;12;null;;null;101003453;;101003453;787456;50
1;12;null;;null;101003326;;101003326;560304;50
1;12;null;;null;101003319;;101003319;387456;50
1;12;null;;null;101003235;;101003235;629696;50
1;12;null;;null;101003317;;101003317;616336;50
1;12;null;;null;101003445;;101003445;499184;50
1;12;null;;null;101003361;;101003361;0;50
1;12;null;;null;101003311;;101003311;560768;50
1;12;null;;null;101003376;;101003376;387456;50
1;12;null;;null;101003392;;101003392;408896;50
1;12;null;;null;101003470;;101003470;261072;50
1;12;null;;null;101003366;;101003366;1171200;50
1;12;null;;null;101003463;;101003463;706832;50
1;12;null;;null;101003367;;101003367;404928;50
1;12;null;;null;101003469;;101003469;640416;50
1;12;null;;null;101003315;;101003315;719424;50
1;12;null;;null;101003452;;101003452;0;50
1;12;null;;null;101002805;;101002805;483132;50
1;12;null;;null;101003118;;101003118;0;50
1;12;null;;null;101003157;;101003157;558768;50
1;12;null;;null;101003162;;101003162;520320;50
1;12;null;;null;101003196;;101003196;601184;50
1;12;null;;null;101003219;;101003219;404928;50
1;12;null;;null;101003189;;101003189;359856;50
1;12;null;;null;101003187;;101003187;439232;50
1;12;null;;null;101003051;;101003051;1024000;50
1;12;null;;null;101003460;;101003460;719424;50
1;12;null;;null;101003391;;101003391;387456;50
1;12;null;;null;101003414;;101003414;634464;50
1;12;null;;null;101003398;;101003398;575472;50
1;12;null;;null;101003439;;101003439;498208;50
1;12;null;;null;101003468;;101003468;604480;50
1;12;null;;null;101003457;;101003457;896000;50
1;12;null;;null;101003374;;101003374;368752;50
1;12;null;;null;101003427;;101003427;498208;50
1;12;null;;null;101003415;;101003415;387456;50
1;12;null;;null;101003422;;101003422;1245776;50
1;12;null;;null;101003397;;101003397;0;50
1;12;null;;null;101003435;;101003435;457456;50
1;12;null;;null;101003471;;101003471;466112;50
1;12;null;;null;101003406;;101003406;870320;50
1;12;null;;null;101003357;;101003357;664152;50
1;12;null;;null;101003400;;101003400;0;50
1;12;null;;null;101003363;;101003363;719424;50
1;12;null;;null;101003459;;101003459;397056;50
1;12;null;;null;101003410;;101003410;422640;50
1;12;null;;null;101003421;;101003421;872400;50
1;12;null;;null;101003449;;101003449;499344;50
1;12;null;;null;101003454;;101003454;404928;50
1;12;null;;null;101003531;;101003531;327760;50
1;12;null;;null;101003441;;101003441;499344;50
1;12;null;;null;101003393;;101003393;889648;50
1;12;null;;null;101003599;;101003599;518320;50
1;12;null;;null;101003458;;101003458;499040;50
1;12;null;;null;101003450;;101003450;387456;50
1;12;null;;null;101003433;;101003433;404928;50
1;12;null;;null;101003408;;101003408;329328;50
1;12;null;;null;101003425;;101003425;560000;50
1;12;null;;null;101003405;;101003405;720160;50
1;12;null;;null;101003388;;101003388;551280;50
1;12;null;;null;101003372;;101003372;498352;50
1;12;null;;null;101003370;;101003370;560464;50
1;12;null;;null;101003479;;101003479;446928;50
1;12;null;;null;101003588;;101003588;402048;50
1;12;null;;null;101003574;;101003574;663312;50
1;12;null;;null;101003444;;101003444;960624;50
1;12;null;;null;101003518;;101003518;1200000;50
1;12;null;;null;101003386;;101003386;374432;50
1;12;null;;null;101003437;;101003437;0;50
1;12;null;;null;101003578;;101003578;719424;50
1;12;null;;null;101003380;;101003380;480000;50
1;12;null;;null;101003530;;101003530;0;50
1;12;null;;null;101003384;;101003384;404928;50
1;12;null;;null;101003520;;101003520;0;50
1;12;null;;null;101003562;;101003562;0;50
1;12;null;;null;101003502;;101003502;650832;50
1;12;null;;null;101003535;;101003535;411776;50
1;12;null;;null;101003556;;101003556;0;50
1;12;null;;null;101003542;;101003542;0;50
1;12;null;;null;101003558;;101003558;728416;50
1;12;null;;null;101003489;;101003489;1856000;50
1;12;null;;null;101003490;;101003490;537100;50
1;12;null;;null;101003493;;101003493;454976;50
1;12;null;;null;101003592;;101003592;412512;50
1;12;null;;null;101003402;;101003402;0;50
1;12;null;;null;101003507;;101003507;366336;50
1;12;null;;null;101003379;;101003379;404928;50
1;12;null;;null;101003403;;101003403;681392;50
1;12;null;;null;101003603;;101003603;622560;50
1;12;null;;null;101003482;;101003482;1174832;50
1;12;null;;null;101003524;;101003524;582736;50
1;12;null;;null;101003601;;101003601;559376;50
1;12;null;;null;101003568;;101003568;511808;50
1;12;null;;null;101003589;;101003589;269784;50
1;12;null;;null;101003418;;101003418;922032;50
1;12;null;;null;101003554;;101003554;539568;50
1;12;null;;null;101003566;;101003566;597472;50
1;12;null;;null;101003532;;101003532;1152000;50
1;12;null;;null;101003552;;101003552;0;50
1;12;null;;null;101003540;;101003540;416176;50
1;12;null;;null;101003608;;101003608;404928;50
1;12;null;;null;101003598;;101003598;0;50
1;12;null;;null;101003512;;101003512;719424;50
1;12;null;;null;101003429;;101003429;0;50
1;12;null;;null;101003534;;101003534;1187816;50
1;12;null;;null;101003594;;101003594;438610;50
1;12;null;;null;101003519;;101003519;679680;50
1;12;null;;null;101003122;;101003122;0;50
1;12;null;;null;101003198;;101003198;427632;50
1;12;null;;null;101003231;;101003231;0;50
1;12;null;;null;101003251;;101003251;701296;50
1;12;null;;null;101003252;;101003252;1024000;50
1;12;null;;null;101003291;;101003291;0;50
1;12;null;;null;101003343;;101003343;681840;50
1;12;null;;null;101003329;;101003329;347536;50
1;12;null;;null;101003438;;101003438;373264;50
1;12;null;;null;101003382;;101003382;544624;50
1;12;null;;null;101003426;;101003426;719424;50
1;12;null;;null;101003383;;101003383;499648;50
1;12;null;;null;101003536;;101003536;615752;50
1;12;null;;null;101003596;;101003596;680592;50
1;12;null;;null;101003503;;101003503;397376;50
1;12;null;;null;101003527;;101003527;609168;50
1;12;null;;null;101003590;;101003590;1424592;50
1;12;null;;null;101003514;;101003514;583264;50
1;12;null;;null;101003464;;101003464;0;50
1;12;null;;null;101003486;;101003486;1284864;50
1;12;null;;null;101003586;;101003586;378096;50
1;12;null;;null;101003591;;101003591;0;50
1;12;null;;null;101003560;;101003560;576000;50
1;12;null;;null;101003707;;101003707;544000;50
1;12;null;;null;101003597;;101003597;559536;50
1;12;null;;null;101003538;;101003538;0;50
1;12;null;;null;101003498;;101003498;560464;50
1;12;null;;null;101003480;;101003480;349248;50
1;12;null;;null;101003600;;101003600;326400;50
1;12;null;;null;101003506;;101003506;543408;50
1;12;null;;null;101003500;;101003500;561392;50
1;12;null;;null;101003481;;101003481;387456;50
1;12;null;;null;101003487;;101003487;621920;50
1;12;null;;null;101003564;;101003564;808784;50
1;12;null;;null;101003579;;101003579;2016000;50
1;12;null;;null;101003488;;101003488;446832;50
1;12;null;;null;101003582;;101003582;620032;50
1;12;null;;null;101003565;;101003565;422224;50
1;12;null;;null;101003581;;101003581;768000;50
1;12;null;;null;101003504;;101003504;680896;50
1;12;null;;null;101003478;;101003478;387456;50
1;12;null;;null;101003704;;101003704;576000;50
1;12;null;;null;101003513;;101003513;1620880;50
1;12;null;;null;101003569;;101003569;531636;50
1;12;null;;null;101003580;;101003580;740906;50
1;12;null;;null;101003521;;101003521;0;50
1;12;null;;null;101003576;;101003576;0;50
1;12;null;;null;101003610;;101003610;431840;50
1;12;null;;null;101003729;;101003729;1751936;50
1;12;null;;null;101003659;;101003659;576000;50
1;12;null;;null;101003751;;101003751;576000;50
1;12;null;;null;101003622;;101003622;387456;50
1;12;null;;null;101003543;;101003543;975248;50
1;12;null;;null;101003735;;101003735;308480;50
1;12;null;;null;101003615;;101003615;896000;50
1;12;null;;null;101003583;;101003583;424448;50
1;12;null;;null;101003553;;101003553;450336;50
1;12;null;;null;101003613;;101003613;0;50
1;12;null;;null;101003737;;101003737;608000;50
1;12;null;;null;101003643;;101003643;558768;50
1;12;null;;null;101003727;;101003727;387840;50
1;12;null;;null;101003714;;101003714;308288;50
1;12;null;;null;101003641;;101003641;719424;50
1;12;null;;null;101003719;;101003719;1776000;50
1;12;null;;null;101003646;;101003646;559232;50
1;12;null;;null;101003723;;101003723;719424;50
1;12;null;;null;101003496;;101003496;457728;50
1;12;null;;null;101003658;;101003658;576000;50
1;12;null;;null;101003649;;101003649;719424;50
1;12;null;;null;101003637;;101003637;719424;50
1;12;null;;null;101003628;;101003628;0;50
1;12;null;;null;101003730;;101003730;559184;50
1;12;null;;null;101003630;;101003630;0;50
1;12;null;;null;101003648;;101003648;679712;50
1;12;null;;null;101003691;;101003691;720000;50
1;12;null;;null;101003722;;101003722;387840;50
1;12;null;;null;101003617;;101003617;359376;50
1;12;null;;null;101003725;;101003725;558768;50
1;12;null;;null;101003697;;101003697;0;50
1;12;null;;null;101003676;;101003676;960000;50
1;12;null;;null;101003689;;101003689;559232;50
1;12;null;;null;101003717;;101003717;497488;50
1;12;null;;null;101003619;;101003619;575472;50
1;12;null;;null;101003715;;101003715;308288;50
1;12;null;;null;101003736;;101003736;290880;50
1;12;null;;null;101003661;;101003661;559072;50
1;12;null;;null;101003740;;101003740;308480;50
1;12;null;;null;101003275;;101003275;0;50
1;12;null;;null;101003271;;101003271;1219808;50
1;12;null;;null;101003224;;101003224;772576;50
1;12;null;;null;101003308;;101003308;541824;50
1;12;null;;null;101003364;;101003364;1089792;50
1;12;null;;null;101003472;;101003472;795456;50
1;12;null;;null;101003416;;101003416;457728;50
1;12;null;;null;101003424;;101003424;341568;50
1;12;null;;null;101003541;;101003541;749232;50
1;12;null;;null;101003432;;101003432;612576;50
1;12;null;;null;101003434;;101003434;404928;50
1;12;null;;null;101003423;;101003423;475584;50
1;12;null;;null;101003436;;101003436;547872;50
1;12;null;;null;101003420;;101003420;957890;50
1;12;null;;null;101003456;;101003456;405392;50
1;12;null;;null;101003411;;101003411;560000;50
1;12;null;;null;101003389;;101003389;719424;50
1;12;null;;null;101003358;;101003358;458816;50
1;12;null;;null;101003385;;101003385;390816;50
1;12;null;;null;101003428;;101003428;382272;50
1;12;null;;null;101003355;;101003355;979968;50
1;12;null;;null;101003455;;101003455;429984;50
1;12;null;;null;101003442;;101003442;389040;50
1;12;null;;null;101003375;;101003375;575744;50
1;12;null;;null;101003404;;101003404;0;50
1;12;null;;null;101003533;;101003533;0;50
1;12;null;;null;101003699;;101003699;1773312;50
1;12;null;;null;101003497;;101003497;719552;50
1;12;null;;null;101003494;;101003494;536264;50
1;12;null;;null;101003587;;101003587;209184;50
1;12;null;;null;101003394;;101003394;708896;50
1;12;null;;null;101003483;;101003483;560464;50
1;12;null;;null;101003571;;101003571;728416;50
1;12;null;;null;101003476;;101003476;417872;50
1;12;null;;null;101003495;;101003495;619784;50
1;12;null;;null;101003501;;101003501;1088000;50
1;12;null;;null;101003739;;101003739;0;50
1;12;null;;null;101003738;;101003738;912000;50
1;12;null;;null;101003611;;101003611;970272;50
1;12;null;;null;101003706;;101003706;576000;50
1;12;null;;null;101003645;;101003645;1120000;50
1;12;null;;null;101003563;;101003563;0;50
1;12;null;;null;101003698;;101003698;2317088;50
1;12;null;;null;101003680;;101003680;1477824;50
1;12;null;;null;101003772;;101003772;558768;50
1;12;null;;null;101003624;;101003624;617408;50
1;12;null;;null;101003605;;101003605;1742752;50
1;12;null;;null;101003510;;101003510;1088000;50
1;12;null;;null;101003635;;101003635;387456;50
1;12;null;;null;101003726;;101003726;0;50
1;12;null;;null;101003724;;101003724;559232;50
1;12;null;;null;101003651;;101003651;497488;50
1;12;null;;null;101003682;;101003682;593928;50
1;12;null;;null;101003745;;101003745;582512;50
1;12;null;;null;101003683;;101003683;387840;50
1;12;null;;null;101003733;;101003733;576000;50
1;12;null;;null;101003612;;101003612;799056;50
1;12;null;;null;101003662;;101003662;0;50
1;12;null;;null;101003703;;101003703;576000;50
1;12;null;;null;101003644;;101003644;558768;50
1;12;null;;null;101003620;;101003620;663872;50
1;12;null;;null;101003634;;101003634;425688;50
1;12;null;;null;101003718;;101003718;768000;50
1;12;null;;null;101003679;;101003679;0;50
1;12;null;;null;101003656;;101003656;896000;50
1;12;null;;null;101003716;;101003716;300416;50
1;12;null;;null;101003674;;101003674;608000;50
1;12;null;;null;101003752;;101003752;610400;50
1;12;null;;null;101003638;;101003638;539568;50
1;12;null;;null;101003677;;101003677;719424;50
1;12;null;;null;101003701;;101003701;387456;50
1;12;null;;null;101003759;;101003759;832000;50
1;12;null;;null;101003639;;101003639;608112;50
1;12;null;;null;101003618;;101003618;0;50
1;12;null;;null;101003647;;101003647;559232;50
1;12;null;;null;101003770;;101003770;559360;50
1;12;null;;null;101003731;;101003731;880000;50
1;12;null;;null;101003854;;101003854;576000;50
1;12;null;;null;101003721;;101003721;800000;50
1;12;null;;null;101003779;;101003779;387840;50
1;12;null;;null;101003777;;101003777;559360;50
1;12;null;;null;101003796;;101003796;308480;50
1;12;null;;null;101003678;;101003678;346240;50
1;12;null;;null;101003626;;101003626;909784;50
1;12;null;;null;101003801;;101003801;576000;50
1;12;null;;null;101003765;;101003765;768000;50
1;12;null;;null;101003650;;101003650;715940;50
1;12;null;;null;101003210;;101003210;695072;50
1;12;null;;null;101003354;;101003354;2080000;50
1;12;null;;null;101003653;;101003653;387456;50
1;12;null;;null;101003655;;101003655;387456;50
1;12;null;;null;101003505;;101003505;1277600;50
1;12;null;;null;101003575;;101003575;539568;50
1;12;null;;null;101003511;;101003511;480000;50
1;12;null;;null;101003606;;101003606;387456;50
1;12;null;;null;101003640;;101003640;559376;50
1;12;null;;null;101003523;;101003523;523998;50
1;12;null;;null;101003663;;101003663;719424;50
1;12;null;;null;101003668;;101003668;497488;50
1;12;null;;null;101003636;;101003636;308288;50
1;12;null;;null;101003633;;101003633;0;50
1;12;null;;null;101003782;;101003782;720000;50
1;12;null;;null;101003760;;101003760;576000;50
1;12;null;;null;101003946;;101003946;176000;50
1;12;null;;null;101003857;;101003857;576000;50
1;12;null;;null;101003812;;101003812;387840;50
1;12;null;;null;101003850;;101003850;558768;50
1;12;null;;null;101003859;;101003859;212816;50
1;12;null;;null;101003764;;101003764;559360;50
1;12;null;;null;101003822;;101003822;640000;50
1;12;null;;null;101003799;;101003799;559360;50
1;12;null;;null;101003788;;101003788;308288;50
1;12;null;;null;101003932;;101003932;77072;50
1;12;null;;null;101003860;;101003860;576000;50
1;12;null;;null;101003780;;101003780;387840;50
1;12;null;;null;101003794;;101003794;387840;50
1;12;null;;null;101003810;;101003810;1280000;50
1;12;null;;null;101003826;;101003826;576000;50
1;12;null;;null;101003809;;101003809;559360;50
1;12;null;;null;101003851;;101003851;640000;50
1;12;null;;null;101003848;;101003848;283760;50
1;12;null;;null;101003855;;101003855;290592;50
1;12;null;;null;101003753;;101003753;387840;50
1;12;null;;null;101003762;;101003762;2362544;50
1;12;null;;null;101003831;;101003831;2240000;50
1;12;null;;null;101003803;;101003803;640416;50
1;12;null;;null;101003835;;101003835;1103200;50
1;12;null;;null;101003795;;101003795;320000;50
1;12;null;;null;101003811;;101003811;720000;50
1;12;null;;null;101003824;;101003824;768000;50
1;12;null;;null;101003784;;101003784;0;50
1;12;null;;null;101003798;;101003798;308480;50
1;12;null;;null;101003849;;101003849;1280000;50
1;12;null;;null;101003834;;101003834;2240000;50
1;12;null;;null;101003820;;101003820;1231200;50
1;12;null;;null;101003807;;101003807;308480;50
1;12;null;;null;101003806;;101003806;640000;50
1;12;null;;null;101003769;;101003769;558912;50
1;12;null;;null;101003786;;101003786;2345600;50
1;12;null;;null;101003787;;101003787;308288;50
1;12;null;;null;101003856;;101003856;290592;50
1;12;null;;null;101003754;;101003754;2172160;50
1;12;null;;null;101003837;;101003837;387840;50
1;12;null;;null;101003836;;101003836;1728000;50
1;12;null;;null;101003778;;101003778;559360;50
1;12;null;;null;101003830;;101003830;0;50
1;12;null;;null;101003821;;101003821;560000;50
1;12;null;;null;101003846;;101003846;672000;50
1;12;null;;null;101003790;;101003790;559360;50
1;12;null;;null;101003804;;101003804;664080;50
1;12;null;;null;101003797;;101003797;308480;50
1;12;null;;null;101003766;;101003766;559360;50
1;12;null;;null;101003819;;101003819;387456;50
1;12;null;;null;101003767;;101003767;559360;50
1;12;null;;null;101003815;;101003815;284160;50
1;12;null;;null;101003844;;101003844;832000;50
1;12;null;;null;101003852;;101003852;290592;50
1;12;null;;null;101003918;;101003918;334240;50
1;12;null;;null;101003958;;101003958;72000;50
1;12;null;;null;101003919;;101003919;193728;50
1;12;null;;null;101003957;;101003957;72000;50
1;12;null;;null;101003902;;101003902;419520;50
1;12;null;;null;101003905;;101003905;360000;50
1;12;null;;null;101003925;;101003925;324000;50
1;12;null;;null;101003922;;101003922;320000;50
1;12;null;;null;101003948;;101003948;117834;50
1;12;null;;null;101003879;;101003879;576000;50
1;12;null;;null;101003864;;101003864;559360;50
1;12;null;;null;101003961;;101003961;154718;50
1;12;null;;null;101003934;;101003934;57804;50
1;12;null;;null;101003911;;101003911;580284;50
1;12;null;;null;101003929;;101003929;248116;50
1;12;null;;null;101003924;;101003924;448000;50
1;12;null;;null;101003935;;101003935;77072;50
1;12;null;;null;101003378;;101003378;560464;50
1;12;null;;null;101003614;;101003614;0;50
1;12;null;;null;101003743;;101003743;0;50
1;12;null;;null;101003742;;101003742;1104000;50
1;12;null;;null;101003629;;101003629;702912;50
1;12;null;;null;101003625;;101003625;317888;50
1;12;null;;null;101003654;;101003654;640000;50
1;12;null;;null;101003763;;101003763;683280;50
1;12;null;;null;101003827;;101003827;620800;50
1;12;null;;null;101003869;;101003869;864000;50
1;12;null;;null;101003800;;101003800;240000;50
1;12;null;;null;101003813;;101003813;387840;50
1;12;null;;null;101003781;;101003781;387840;50
1;12;null;;null;101003783;;101003783;559360;50
1;12;null;;null;101003792;;101003792;308480;50
1;12;null;;null;101003749;;101003749;777600;50
1;12;null;;null;101003828;;101003828;0;50
1;12;null;;null;101003847;;101003847;1408000;50
1;12;null;;null;101003789;;101003789;308288;50
1;12;null;;null;101003793;;101003793;308480;50
1;12;null;;null;101003842;;101003842;704000;50
1;12;null;;null;101003757;;101003757;576000;50
1;12;null;;null;101003768;;101003768;559360;50
1;12;null;;null;101003700;;101003700;640000;50
1;12;null;;null;101003773;;101003773;387840;50
1;12;null;;null;101003756;;101003756;576000;50
1;12;null;;null;101003870;;101003870;339024;50
1;12;null;;null;101003858;;101003858;480000;50
1;12;null;;null;101003865;;101003865;720000;50
1;12;null;;null;101003838;;101003838;576000;50
1;12;null;;null;101003845;;101003845;387840;50
1;12;null;;null;101003936;;101003936;77072;50
1;12;null;;null;101003805;;101003805;387840;50
1;12;null;;null;101003771;;101003771;497488;50
1;12;null;;null;101003960;;101003960;120000;50
1;12;null;;null;101003873;;101003873;387456;50
1;12;null;;null;101003965;;101003965;48432;50
1;12;null;;null;101003904;;101003904;419076;50
1;12;null;;null;101003915;;101003915;193728;50
1;12;null;;null;101003912;;101003912;689928;50
1;12;null;;null;101003901;;101003901;396000;50
1;12;null;;null;101003862;;101003862;1693888;50
1;12;null;;null;101003898;;101003898;576000;50
1;12;null;;null;101003871;;101003871;576000;50
1;12;null;;null;101003943;;101003943;192000;50
1;12;null;;null;101003913;;101003913;539568;50
1;12;null;;null;101003933;;101003933;77072;50
1;12;null;;null;101003921;;101003921;288000;50
1;12;null;;null;101003940;;101003940;216000;50
1;12;null;;null;101003944;;101003944;368000;50
1;12;null;;null;101003920;;101003920;704000;50
1;12;null;;null;101003897;;101003897;314304;50
1;12;null;;null;101003917;;101003917;640000;50
1;12;null;;null;101003955;;101003955;80000;50
1;12;null;;null;101003903;;101003903;373116;50
1;12;null;;null;101003937;;101003937;57804;50
1;12;null;;null;101003791;;101003791;308480;50
1;12;null;;null;101003930;;101003930;77072;50
1;12;null;;null;101003868;;101003868;583344;50
1;12;null;;null;101003951;;101003951;52384;50
1;12;null;;null;101003956;;101003956;320000;50
1;12;null;;null;101003964;;101003964;52384;50
1;12;null;;null;101003947;;101003947;52384;50
1;12;null;;null;101003916;;101003916;288000;50
1;12;null;;null;101003877;;101003877;720000;50
1;12;null;;null;101003909;;101003909;624000;50
1;12;null;;null;101003941;;101003941;104768;50
1;12;null;;null;101003876;;101003876;640000;50
1;12;null;;null;101003928;;101003928;288000;50
1;12;null;;null;101003896;;101003896;405000;50
1;12;null;;null;101003926;;101003926;216000;50
1;12;null;;null;101003863;;101003863;558768;50
1;12;null;;null;101003867;;101003867;489440;50
1;12;null;;null;101003954;;101003954;62186;50
1;12;null;;null;101003927;;101003927;216000;50
1;12;null;;null;101003949;;101003949;48432;50
1;12;null;;null;101003942;;101003942;443896;50
1;12;null;;null;101003914;;101003914;577140;50
1;12;null;;null;101003866;;101003866;387840;50
1;12;null;;null;101003900;;101003900;432000;50
1;12;null;;null;101003938;;101003938;144000;50
1;12;null;;null;101003878;;101003878;558768;50
1;12;null;;null;101003874;;101003874;387456;50
1;12;null;;null;101003907;;101003907;440000;50
1;12;null;;null;101003959;;101003959;72000;50
1;12;null;;null;101003875;;101003875;704000;50
1;12;null;;null;101003910;;101003910;231216;50
1;12;null;;null;101003475;;101003475;238400;50
1;12;null;;null;101003843;;101003843;640000;50
1;12;null;;null;101003833;;101003833;0;50
1;12;null;;null;101003906;;101003906;432000;50
1;12;null;;null;101003861;;101003861;576000;50
1;12;null;;null;101003952;;101003952;115534;50
1;12;null;;null;101003899;;101003899;432000;50
1;12;null;;null;101003939;;101003939;160000;50
1;12;null;;null;101003808;;101003808;308480;50
1;12;null;;null;2090000101;;2090000101;174316;50
1;12;null;;null;101000929;;101000929;0;50
1;12;null;;null;101001084;;101001084;894240;50
1;12;null;;null;101001096;;101001096;0;50
1;12;null;;null;101000947;;101000947;655272;50
1;12;null;;null;101000705;;101000705;375920;50
1;12;null;;null;101000794;;101000794;549156;50
1;12;null;;null;101000325;;101000325;0;50
1;12;null;;null;101001010;;101001010;0;50
1;12;null;;null;101001681;;101001681;441600;50
1;12;null;;null;101002098;;101002098;0;50
1;12;null;;null;101001513;;101001513;867828;50
1;12;null;;null;101000473;;101000473;156204;50
1;12;null;;null;101000668;;101000668;751284;50
1;12;null;;null;101001586;;101001586;0;50
1;12;null;;null;101001763;;101001763;0;50
1;12;null;;null;101002845;;101002845;0;50
1;12;null;;null;101002918;;101002918;863840;50
1;12;null;;null;101002903;;101002903;907184;50
1;12;null;;null;101002925;;101002925;1096528;50
1;12;null;;null;101002938;;101002938;464528;50
1;12;null;;null;101001598;;101001598;0;50
1;12;null;;null;101002799;;101002799;721936;50
1;12;null;;null;101002366;;101002366;0;50
1;12;null;;null;101002902;;101002902;799776;50
1;12;null;;null;101003175;;101003175;520320;50
1;12;null;;null;101003070;;101003070;1600000;50
1;12;null;;null;101003153;;101003153;1600000;50
1;12;null;;null;101003155;;101003155;499952;50
1;12;null;;null;101003146;;101003146;0;50
1;12;null;;null;101003188;;101003188;673456;50
1;12;null;;null;101003194;;101003194;0;50
1;12;null;;null;101003058;;101003058;0;50
1;12;null;;null;101003176;;101003176;601264;50
1;12;null;;null;101003173;;101003173;391296;50
1;12;null;;null;101003114;;101003114;558768;50
1;12;null;;null;101003095;;101003095;271440;50
1;12;null;;null;101003094;;101003094;504512;50
1;12;null;;null;101003229;;101003229;403760;50
1;12;null;;null;101000951;;101000951;0;50
1;12;null;;null;101001294;;101001294;291432;50
1;12;null;;null;101001836;;101001836;1280192;50
1;12;null;;null;101002062;;101002062;496144;50
1;12;null;;null;101001960;;101001960;0;50
1;12;null;;null;101001353;;101001353;0;50
1;12;null;;null;101002783;;101002783;0;50
1;12;null;;null;101002827;;101002827;295056;50
1;12;null;;null;101002955;;101002955;289720;50
1;12;null;;null;101002857;;101002857;651808;50
1;12;null;;null;101003156;;101003156;402032;50
1;12;null;;null;101003302;;101003302;989680;50
1;12;null;;null;101003202;;101003202;0;50
1;12;null;;null;101003221;;101003221;1097600;50
1;12;null;;null;101003230;;101003230;672000;50
1;12;null;;null;101003314;;101003314;605952;50
1;12;null;;null;101003239;;101003239;412752;50
1;12;null;;null;101003409;;101003409;1024000;50
1;12;null;;null;101003395;;101003395;409616;50
1;12;null;;null;101003390;;101003390;414096;50
1;12;null;;null;101003448;;101003448;871712;50
1;12;null;;null;101003430;;101003430;415984;50
1;12;null;;null;101003440;;101003440;870400;50
1;12;null;;null;101003477;;101003477;140040;50
1;12;null;;null;101003413;;101003413;532524;50
1;12;null;;null;101003360;;101003360;477216;50
1;12;null;;null;101003446;;101003446;397840;50
1;12;null;;null;101003602;;101003602;790140;50
1;12;null;;null;101003545;;101003545;757496;50
1;12;null;;null;101003517;;101003517;2132576;50
1;12;null;;null;101003537;;101003537;704048;50
1;12;null;;null;101003604;;101003604;360592;50
1;12;null;;null;101003595;;101003595;864000;50
1;12;null;;null;101003567;;101003567;605868;50
1;12;null;;null;101003515;;101003515;656064;50
1;12;null;;null;101003702;;101003702;672000;50
1;12;null;;null;101003741;;101003741;346240;50
1;12;null;;null;101003642;;101003642;0;50
1;12;null;;null;101003675;;101003675;576000;50
1;12;null;;null;101003728;;101003728;387840;50
1;12;null;;null;101003616;;101003616;604016;50
1;12;null;;null;101003623;;101003623;321712;50
1;12;null;;null;101003750;;101003750;559360;50
1;12;null;;null;101003673;;101003673;719424;50
1;12;null;;null;101003785;;101003785;387840;50
1;12;null;;null;101003816;;101003816;719424;50
1;12;null;;null;101003818;;101003818;576000;50
1;12;null;;null;101003823;;101003823;896000;50
1;12;null;;null;101003755;;101003755;679360;50
1;12;null;;null;101003775;;101003775;473304;50
1;12;null;;null;101003817;;101003817;558768;50
1;12;null;;null;101003774;;101003774;387840;50
1;12;null;;null;101003829;;101003829;1970928;50
1;12;null;;null;101003761;;101003761;576000;50
1;12;null;;null;101003853;;101003853;290592;50
1;12;null;;null;101003825;;101003825;576000;50
1;12;null;;null;101003931;;101003931;77120;50
1;12;null;;null;101003966;;101003966;48432;50
1;12;null;;null;101003923;;101003923;544000;50
1;12;null;;null;101003872;;101003872;960000;50
1;12;null;;null;101003950;;101003950;69844;50
1;12;null;;null;101003953;;101003953;48432;50
1;12;null;;null;101003908;;101003908;672000;50
